{
  "builtAt": "2026-07-17T23:50:10.559Z",
  "metric": "fertility = BPE tokens / faithful units; faithful unit = [\\p{L}\\p{M}\\p{N}]+|[^\\s\\p{L}\\p{M}\\p{N}] (per the reference solution)",
  "corpora": "India Wikipedia pages, full HTML→Markdown with links; A = markdownify (training), B = html2text (holdout, never trained on)",
  "vocabCap": 10000,
  "vocabSize": 8678,
  "baseSymbols": 366,
  "byteTokens": 256,
  "mergeRules": 8260,
  "budgets": {
    "en": 2782,
    "hi": 2331,
    "te": 2154,
    "bn": 2659
  },
  "perLanguage": [
    {
      "lang": "en",
      "language": "English",
      "wordsA": 41881,
      "unitsA": 144261,
      "tokensA": 134512,
      "fertilityA": 0.9324210978712195,
      "unitsB": 147986,
      "tokensB": 141266,
      "fertilityB": 0.9545902990823456,
      "budget": 2782
    },
    {
      "lang": "hi",
      "language": "Hindi",
      "wordsA": 20832,
      "unitsA": 65856,
      "tokensA": 61447,
      "fertilityA": 0.933050898931001,
      "unitsB": 67470,
      "tokensB": 63638,
      "fertilityB": 0.943204387135023,
      "budget": 2331
    },
    {
      "lang": "te",
      "language": "Telugu",
      "wordsA": 7496,
      "unitsA": 26528,
      "tokensA": 25036,
      "fertilityA": 0.9437575392038601,
      "unitsB": 27222,
      "tokensB": 25674,
      "fertilityB": 0.943134229667181,
      "budget": 2154
    },
    {
      "lang": "bn",
      "language": "Bengali",
      "wordsA": 17702,
      "unitsA": 66243,
      "tokensA": 61766,
      "fertilityA": 0.9324155005057138,
      "unitsB": 68465,
      "tokensB": 65015,
      "fertilityB": 0.9496092894179508,
      "budget": 2659
    }
  ],
  "spreadA": 0.011342038698146317,
  "spreadB": 0.011456069415164638,
  "scoreA": 88167.5708057172,
  "scoreB": 87289.97387849964,
  "maxFertility": 0.9545902990823456
}